id,first_name,last_name,email,gender,ip_address
1,Norma,Burns,nburns0@multiply.com,Female,240.246.15.44
2,Eric,Hunter,ehunter1@drupal.org,Male,181.142.227.16
3,Frances,Hunt,fhunt2@tuttocitta.it,Female,162.221.158.250
4,John,Bennett,jbennett3@freewebs.com,Male,61.177.42.88
5,Walter,Butler,wbutler4@slideshare.net,Male,30.93.225.217
6,Betty,Mcdonald,bmcdonald5@alibaba.com,Female,204.118.203.22
7,Craig,Campbell,ccampbell6@hexun.com,Male,111.197.250.200
8,Susan,Castillo,scastillo7@umich.edu,Female,52.153.149.203
9,Ryan,Wood,rwood8@mayoclinic.com,Male,231.167.33.20
10,James,Wagner,jwagner9@joomla.org,Male,32.29.47.72
11,Jesse,Wells,jwellsa@joomla.org,Male,31.91.108.174
12,Larry,Alexander,lalexanderb@bloglines.com,Male,47.11.217.134
13,Roger,Gibson,rgibsonc@wordpress.org,Male,104.221.45.239
14,Eugene,Tucker,etuckerd@bandcamp.com,Male,6.38.57.25
15,Ralph,Riley,rrileye@themeforest.net,Male,153.6.55.6
16,Keith,Lane,klanef@scribd.com,Male,92.17.148.180
17,Frances,Butler,fbutlerg@google.com.au,Female,50.216.58.177
18,Emily,Bennett,ebennetth@adobe.com,Female,120.156.250.192
19,Judy,Morris,jmorrisi@google.cn,Female,18.63.169.170
20,Kenneth,Morgan,kmorganj@ox.ac.uk,Male,246.19.79.93
21,Donald,Ortiz,dortizk@macromedia.com,Male,107.238.11.181
22,Alice,Sims,asimsl@wsj.com,Female,154.94.0.52
23,Alice,Washington,awashingtonm@example.com,Female,101.153.167.5
24,Lois,Alexander,lalexandern@vimeo.com,Female,167.179.94.238
25,Jason,Ward,jwardo@senate.gov,Male,136.55.64.18
26,Jason,Romero,jromerop@shareasale.com,Male,66.26.200.210
27,Bobby,Mcdonald,bmcdonaldq@miibeian.gov.cn,Male,86.2.16.69
28,Kimberly,Cox,kcoxr@latimes.com,Female,67.55.52.61
29,Paul,Berry,pberrys@yale.edu,Male,86.240.41.18
30,Lori,Bennett,lbennettt@scientificamerican.com,Female,134.29.75.192
31,Douglas,Gonzalez,dgonzalezu@youtu.be,Male,114.49.76.250
32,Donald,Gray,dgrayv@nsw.gov.au,Male,72.196.70.215
33,Deborah,Hunt,dhuntw@newyorker.com,Female,120.9.144.117
34,Robin,Gonzalez,rgonzalezx@nyu.edu,Female,3.167.11.53
35,Ryan,Franklin,rfrankliny@webmd.com,Male,237.155.2.18
36,Jack,Ramirez,jramirezz@goo.ne.jp,Male,188.125.8.209
37,Jeremy,Rice,jrice10@ocn.ne.jp,Male,253.151.188.111
38,James,Snyder,jsnyder11@dion.ne.jp,Male,155.95.58.124
39,Jean,Richardson,jrichardson12@upenn.edu,Female,197.190.76.234
40,Norma,Knight,nknight13@nytimes.com,Female,121.141.12.42
41,Louise,Boyd,lboyd14@icio.us,Female,168.181.162.174
42,Matthew,Rivera,mrivera15@ustream.tv,Male,181.148.32.246
43,Janet,Hart,jhart16@tripadvisor.com,Female,135.183.22.4
44,Larry,Morris,lmorris17@usnews.com,Male,225.8.117.53
45,Cheryl,Arnold,carnold18@cornell.edu,Female,7.103.84.107
46,Timothy,Boyd,tboyd19@examiner.com,Male,251.254.168.90
47,Phillip,Montgomery,pmontgomery1a@washingtonpost.com,Male,69.15.247.138
48,Dennis,Daniels,ddaniels1b@technorati.com,Male,6.254.7.100
49,Andrew,Mills,amills1c@telegraph.co.uk,Male,241.24.244.31
50,Kevin,Gardner,kgardner1d@vimeo.com,Male,141.118.230.206
51,Keith,Long,klong1e@google.co.jp,Male,249.144.15.7
52,Denise,Andrews,dandrews1f@sina.com.cn,Female,49.160.112.54
53,Gloria,Graham,ggraham1g@auda.org.au,Female,202.166.74.236
54,Julie,Richardson,jrichardson1h@exblog.jp,Female,74.85.23.45
55,Edward,Simpson,esimpson1i@ft.com,Male,28.150.211.90
56,Nicholas,Morales,nmorales1j@jiathis.com,Male,82.159.23.78
57,Amanda,Ward,award1k@free.fr,Female,59.252.200.69
58,Sarah,Howell,showell1l@jalbum.net,Female,233.225.202.7
59,Christine,Gonzales,cgonzales1m@wiley.com,Female,53.14.179.58
60,Helen,Montgomery,hmontgomery1n@europa.eu,Female,151.92.127.64
61,Jerry,Long,jlong1o@zimbio.com,Male,200.242.3.42
62,Joe,Hughes,jhughes1p@slideshare.net,Male,170.51.137.183
63,Carolyn,Jacobs,cjacobs1q@networkadvertising.org,Female,151.60.145.107
64,Jesse,Gomez,jgomez1r@purevolume.com,Male,102.22.205.143
65,Helen,Andrews,handrews1s@washington.edu,Female,100.133.197.194
66,Debra,Medina,dmedina1t@ovh.net,Female,27.206.210.199
67,Juan,Hudson,jhudson1u@ca.gov,Male,0.66.109.92
68,Martin,Hart,mhart1v@economist.com,Male,231.26.132.198
69,Amanda,Kelly,akelly1w@mlb.com,Female,112.97.183.236
70,Barbara,Alvarez,balvarez1x@nih.gov,Female,73.159.112.217
71,Sandra,Cooper,scooper1y@huffingtonpost.com,Female,204.121.243.54
72,Cheryl,Welch,cwelch1z@ucoz.com,Female,182.2.163.144
73,Frances,Willis,fwillis20@altervista.org,Female,204.176.45.236
74,James,Woods,jwoods21@slideshare.net,Male,238.250.105.226
75,Frances,Dunn,fdunn22@i2i.jp,Female,222.54.150.117
76,Cheryl,Fisher,cfisher23@booking.com,Female,152.33.219.42
77,Karen,Lawrence,klawrence24@netvibes.com,Female,194.17.251.104
78,Norma,Thompson,nthompson25@cnet.com,Female,225.4.43.32
79,Craig,Collins,ccollins26@hugedomains.com,Male,227.35.73.200
80,Carlos,Lopez,clopez27@gov.uk,Male,231.240.154.163
81,Jean,Gibson,jgibson28@ucsd.edu,Female,190.119.30.187
82,Mark,Stone,mstone29@omniture.com,Male,1.254.178.188
83,Catherine,Anderson,canderson2a@soundcloud.com,Female,108.82.32.138
84,Sean,Moore,smoore2b@state.tx.us,Male,125.105.58.227
85,John,Campbell,jcampbell2c@google.cn,Male,92.20.108.229
86,Lori,Perkins,lperkins2d@cnet.com,Female,244.60.29.37
87,Charles,Foster,cfoster2e@cbc.ca,Male,10.127.155.246
88,Rose,Gomez,rgomez2f@feedburner.com,Female,214.249.187.212
89,Teresa,Garrett,tgarrett2g@networksolutions.com,Female,109.66.102.164
90,Nicholas,Johnston,njohnston2h@ovh.net,Male,141.26.222.110
91,Margaret,Adams,madams2i@cafepress.com,Female,181.48.239.166
92,Rose,Morrison,rmorrison2j@europa.eu,Female,18.45.41.126
93,James,West,jwest2k@merriam-webster.com,Male,2.92.53.176
94,Norma,James,njames2l@cnet.com,Female,80.242.73.232
95,Ronald,Scott,rscott2m@msu.edu,Male,83.4.174.38
96,Gerald,Riley,griley2n@naver.com,Male,164.37.188.131
97,Jean,Cook,jcook2o@blogspot.com,Female,151.152.82.124
98,Ronald,Long,rlong2p@topsy.com,Male,182.121.34.52
99,Lillian,Turner,lturner2q@pinterest.com,Female,64.176.102.224
100,Tammy,Stevens,tstevens2r@hostgator.com,Female,96.222.235.124
101,Justin,Bradley,jbradley2s@businesswire.com,Male,56.24.215.226
102,Stephen,Kim,skim2t@marriott.com,Male,207.40.93.237
103,Sandra,Watkins,swatkins2u@deviantart.com,Female,207.145.110.196
104,Beverly,Wallace,bwallace2v@angelfire.com,Female,227.102.153.146
105,Jesse,Hunt,jhunt2w@taobao.com,Male,236.173.238.0
106,Mark,Welch,mwelch2x@amazon.co.jp,Male,230.1.43.235
107,Nicole,Baker,nbaker2y@umich.edu,Female,89.92.238.224
108,Alice,Stevens,astevens2z@merriam-webster.com,Female,93.114.43.33
109,Mildred,Powell,mpowell30@ocn.ne.jp,Female,100.221.156.212
110,Jennifer,White,jwhite31@github.com,Female,28.134.93.118
111,Juan,Chavez,jchavez32@howstuffworks.com,Male,70.45.141.110
112,Joan,Perkins,jperkins33@opensource.org,Female,180.215.105.202
113,Edward,Daniels,edaniels34@ning.com,Male,27.183.126.76
114,Terry,Harvey,tharvey35@sfgate.com,Male,49.226.218.136
115,Edward,Russell,erussell36@webeden.co.uk,Male,2.140.40.140
116,Roger,Andrews,randrews37@ow.ly,Male,200.79.124.255
117,Gerald,Johnson,gjohnson38@de.vu,Male,213.208.249.168
118,Sarah,Nichols,snichols39@typepad.com,Female,51.101.54.98
119,Brandon,Cunningham,bcunningham3a@businessinsider.com,Male,141.22.19.50
120,Aaron,Tucker,atucker3b@uiuc.edu,Male,86.100.218.103
121,Raymond,Collins,rcollins3c@printfriendly.com,Male,136.49.111.60
122,Larry,Dixon,ldixon3d@opera.com,Male,76.111.184.54
123,Michael,Wood,mwood3e@storify.com,Male,27.194.38.12
124,Kimberly,Little,klittle3f@bloglovin.com,Female,25.172.40.72
125,Louis,Freeman,lfreeman3g@rediff.com,Male,86.2.63.102
126,Jennifer,Bennett,jbennett3h@archive.org,Female,126.2.108.141
127,Jose,Miller,jmiller3i@vkontakte.ru,Male,211.183.23.231
128,Deborah,Russell,drussell3j@rediff.com,Female,70.104.141.64
129,Kimberly,Watkins,kwatkins3k@cocolog-nifty.com,Female,225.10.32.128
130,Jesse,Young,jyoung3l@mayoclinic.com,Male,248.107.100.246
131,Cheryl,Young,cyoung3m@hhs.gov,Female,22.74.12.251
132,Carlos,Bennett,cbennett3n@miibeian.gov.cn,Male,196.236.63.4
133,Alan,Hamilton,ahamilton3o@comcast.net,Male,225.83.161.111
134,Kathryn,Fox,kfox3p@1und1.de,Female,106.13.219.212
135,Timothy,Gonzalez,tgonzalez3q@guardian.co.uk,Male,187.13.46.99
136,Adam,Nichols,anichols3r@amazon.com,Male,8.97.42.72
137,Carl,Gordon,cgordon3s@joomla.org,Male,16.124.77.44
138,Larry,Flores,lflores3t@studiopress.com,Male,29.176.255.79
139,Juan,Wells,jwells3u@google.pl,Male,241.145.164.195
140,Chris,Mendoza,cmendoza3v@blogspot.com,Male,15.49.13.225
141,Timothy,Kennedy,tkennedy3w@chicagotribune.com,Male,210.144.202.20
142,Brian,Green,bgreen3x@bluehost.com,Male,32.155.15.132
143,Ernest,Reyes,ereyes3y@opensource.org,Male,98.17.110.138
144,Marilyn,Fox,mfox3z@mediafire.com,Female,188.217.120.53
145,Patrick,Washington,pwashington40@issuu.com,Male,229.94.108.112
146,Alan,Hawkins,ahawkins41@merriam-webster.com,Male,214.162.161.227
147,Joan,Patterson,jpatterson42@cnbc.com,Female,131.123.22.146
148,Martin,Rice,mrice43@disqus.com,Male,237.83.41.106
149,Robin,Perry,rperry44@skyrock.com,Female,218.238.50.229
150,Arthur,Carter,acarter45@prweb.com,Male,128.248.184.112
151,Louis,Vasquez,lvasquez46@barnesandnoble.com,Male,11.204.208.21
152,Tina,Johnson,tjohnson47@dropbox.com,Female,81.156.52.78
153,Carol,Moore,cmoore48@dailymail.co.uk,Female,212.195.184.129
154,Heather,Rice,hrice49@upenn.edu,Female,251.28.64.179
155,Ruby,Hill,rhill4a@unicef.org,Female,246.165.163.65
156,Melissa,Powell,mpowell4b@cbslocal.com,Female,163.112.198.25
157,Sharon,Harper,sharper4c@narod.ru,Female,207.179.31.137
158,Jason,Hanson,jhanson4d@engadget.com,Male,148.85.242.15
159,Norma,Stevens,nstevens4e@amazonaws.com,Female,195.123.180.189
160,Norma,Mendoza,nmendoza4f@walmart.com,Female,59.151.136.109
161,Rose,Duncan,rduncan4g@sbwire.com,Female,210.203.46.245
162,Jeremy,Stevens,jstevens4h@ebay.co.uk,Male,230.9.116.171
163,Virginia,Murphy,vmurphy4i@nih.gov,Female,191.10.222.130
164,Roy,Sanchez,rsanchez4j@creativecommons.org,Male,47.147.48.240
165,Bobby,Foster,bfoster4k@acquirethisname.com,Male,191.146.133.173
166,Harold,Holmes,hholmes4l@vimeo.com,Male,77.121.117.139
167,David,Gomez,dgomez4m@sun.com,Male,99.101.194.94
168,Janice,Morgan,jmorgan4n@xinhuanet.com,Female,212.139.234.127
169,Scott,Lawson,slawson4o@cocolog-nifty.com,Male,138.11.137.28
170,Jeffrey,Schmidt,jschmidt4p@fda.gov,Male,24.26.154.112
171,Aaron,Gonzales,agonzales4q@wordpress.com,Male,177.118.148.161
172,Nicole,Watson,nwatson4r@cornell.edu,Female,97.202.151.5
173,Stephanie,Carpenter,scarpenter4s@sina.com.cn,Female,131.92.162.16
174,Virginia,Hill,vhill4t@slideshare.net,Female,137.72.104.187
175,Eugene,Simpson,esimpson4u@multiply.com,Male,127.51.114.2
176,Karen,Rogers,krogers4v@liveinternet.ru,Female,43.224.254.143
177,Raymond,Hall,rhall4w@i2i.jp,Male,113.60.190.100
178,Mildred,Oliver,moliver4x@blogger.com,Female,246.115.194.39
179,Jessica,Rodriguez,jrodriguez4y@squidoo.com,Female,238.74.155.128
180,Kathy,Robertson,krobertson4z@businessweek.com,Female,1.7.71.254
181,Anthony,Vasquez,avasquez50@abc.net.au,Male,218.106.250.182
182,Robert,Ray,rray51@flickr.com,Male,235.254.121.96
183,Jessica,White,jwhite52@bloomberg.com,Female,238.145.183.195
184,Todd,Mendoza,tmendoza53@bigcartel.com,Male,214.217.96.60
185,Terry,Kim,tkim54@fc2.com,Male,2.169.189.109
186,Mark,Fernandez,mfernandez55@archive.org,Male,238.51.228.81
187,Brian,Hernandez,bhernandez56@theglobeandmail.com,Male,150.148.152.162
188,Stephanie,Patterson,spatterson57@mayoclinic.com,Female,10.207.250.180
189,Andrew,Hall,ahall58@nsw.gov.au,Male,9.80.55.51
190,Michelle,Russell,mrussell59@skyrock.com,Female,246.30.219.217
191,Michelle,Sims,msims5a@paypal.com,Female,249.184.25.246
192,Joan,Clark,jclark5b@bloglovin.com,Female,180.173.45.248
193,Ashley,Simmons,asimmons5c@cpanel.net,Female,235.207.198.51
194,Sarah,Crawford,scrawford5d@youtube.com,Female,143.17.114.141
195,Alice,Young,ayoung5e@forbes.com,Female,181.62.98.43
196,Benjamin,Mason,bmason5f@twitter.com,Male,166.193.148.155
197,Angela,Rogers,arogers5g@nymag.com,Female,121.151.48.239
198,Ann,Green,agreen5h@nifty.com,Female,214.210.245.251
199,William,Garrett,wgarrett5i@nsw.gov.au,Male,84.117.239.192
200,Dennis,Sullivan,dsullivan5j@about.com,Male,5.187.55.221
201,Mildred,Stanley,mstanley5k@nsw.gov.au,Female,7.40.8.142
202,Louis,Edwards,ledwards5l@jimdo.com,Male,139.222.213.213
203,Samuel,Foster,sfoster5m@ed.gov,Male,43.105.129.170
204,Tammy,Lynch,tlynch5n@boston.com,Female,154.195.88.124
205,Harold,Hicks,hhicks5o@reverbnation.com,Male,108.163.35.100
206,Virginia,Anderson,vanderson5p@fda.gov,Female,194.204.58.157
207,Ronald,Jenkins,rjenkins5q@irs.gov,Male,68.83.90.70
208,Jennifer,Black,jblack5r@sciencedaily.com,Female,252.49.31.106
209,Rose,Snyder,rsnyder5s@who.int,Female,168.22.222.74
210,Ashley,Peterson,apeterson5t@alexa.com,Female,147.134.241.33
211,Dorothy,Moreno,dmoreno5u@cam.ac.uk,Female,103.172.38.231
212,George,Sanchez,gsanchez5v@lulu.com,Male,23.178.41.7
213,Albert,Campbell,acampbell5w@goo.gl,Male,204.82.55.139
214,Albert,Olson,aolson5x@discuz.net,Male,249.84.42.13
215,Tammy,Hayes,thayes5y@umn.edu,Female,98.57.188.82
216,Carolyn,Elliott,celliott5z@fc2.com,Female,85.194.92.83
217,Elizabeth,Thompson,ethompson60@dmoz.org,Female,250.247.226.210
218,Martin,Powell,mpowell61@vinaora.com,Male,125.89.120.168
219,Albert,Henderson,ahenderson62@flavors.me,Male,26.62.202.237
220,James,Kelley,jkelley63@godaddy.com,Male,223.157.218.58
221,Heather,Holmes,hholmes64@delicious.com,Female,138.76.122.110
222,Beverly,Murphy,bmurphy65@com.com,Female,90.118.197.240
223,Mildred,Grant,mgrant66@issuu.com,Female,247.126.243.45
224,Teresa,Edwards,tedwards67@google.fr,Female,179.9.137.181
225,Sandra,Hudson,shudson68@foxnews.com,Female,183.105.214.241
226,Brandon,Dixon,bdixon69@phoca.cz,Male,188.95.251.116
227,Arthur,Barnes,abarnes6a@ning.com,Male,66.12.158.22
228,Dorothy,Nguyen,dnguyen6b@nbcnews.com,Female,194.229.56.213
229,Martha,Turner,mturner6c@mapquest.com,Female,244.243.190.253
230,Henry,Lawson,hlawson6d@nba.com,Male,159.164.185.59
231,Betty,Hayes,bhayes6e@phpbb.com,Female,134.157.233.207
232,Fred,Price,fprice6f@bloglovin.com,Male,80.177.178.228
233,Andrew,Dunn,adunn6g@domainmarket.com,Male,255.112.225.140
234,Willie,King,wking6h@netscape.com,Male,15.154.20.170
235,Diana,Gibson,dgibson6i@about.me,Female,147.222.170.132
236,Scott,Williamson,swilliamson6j@nydailynews.com,Male,167.33.45.20
237,Lawrence,Carpenter,lcarpenter6k@pbs.org,Male,223.180.174.27
238,Howard,Hunter,hhunter6l@liveinternet.ru,Male,236.23.185.128
239,Virginia,Gibson,vgibson6m@marketwatch.com,Female,13.112.52.136
240,Elizabeth,Olson,eolson6n@hexun.com,Female,168.55.150.234
241,Andrew,Mills,amills6o@flavors.me,Male,231.100.89.31
242,Michael,Simpson,msimpson6p@ihg.com,Male,163.241.8.246
243,Mary,Meyer,mmeyer6q@hao123.com,Female,183.81.18.72
244,Randy,Carroll,rcarroll6r@pcworld.com,Male,187.98.19.40
245,Doris,Robertson,drobertson6s@amazon.co.jp,Female,175.155.250.61
246,Joshua,Walker,jwalker6t@instagram.com,Male,108.227.66.104
247,Kathleen,Cooper,kcooper6u@go.com,Female,193.51.157.233
248,Jason,Burns,jburns6v@1und1.de,Male,88.112.195.3
249,Christine,Gordon,cgordon6w@imgur.com,Female,236.142.114.99
250,Clarence,Hill,chill6x@opera.com,Male,39.213.185.106
251,Patrick,Miller,pmiller6y@jimdo.com,Male,16.136.161.58
252,Frances,Washington,fwashington6z@t-online.de,Female,157.94.15.5
253,Anne,Simpson,asimpson70@geocities.com,Female,118.52.213.38
254,Anne,Gonzalez,agonzalez71@fastcompany.com,Female,193.132.233.170
255,Joe,Evans,jevans72@java.com,Male,181.62.181.72
256,Earl,Matthews,ematthews73@t.co,Male,156.219.210.254
257,Joyce,Bell,jbell74@hud.gov,Female,124.232.0.232
258,Joyce,Davis,jdavis75@salon.com,Female,198.230.230.144
259,Lillian,Davis,ldavis76@oakley.com,Female,223.201.247.56
260,Gloria,Walker,gwalker77@spotify.com,Female,128.39.128.51
261,Ronald,Walker,rwalker78@wikia.com,Male,251.178.135.168
262,Shawn,Foster,sfoster79@marketwatch.com,Male,140.252.201.215
263,Alice,King,aking7a@last.fm,Female,80.83.216.141
264,Elizabeth,Johnston,ejohnston7b@prnewswire.com,Female,198.211.90.152
265,Judy,Matthews,jmatthews7c@constantcontact.com,Female,2.43.45.30
266,Scott,Reed,sreed7d@gravatar.com,Male,139.74.228.95
267,Kevin,Murphy,kmurphy7e@posterous.com,Male,138.201.228.62
268,Anne,Harrison,aharrison7f@narod.ru,Female,136.114.92.63
269,Daniel,Lawrence,dlawrence7g@prnewswire.com,Male,195.148.138.225
270,Steven,Henry,shenry7h@disqus.com,Male,13.186.23.180
271,Lori,Rice,lrice7i@t-online.de,Female,193.172.242.152
272,Nicholas,Wheeler,nwheeler7j@hc360.com,Male,89.210.218.55
273,Doris,Andrews,dandrews7k@msu.edu,Female,27.85.60.32
274,Paula,Fisher,pfisher7l@liveinternet.ru,Female,114.29.149.201
275,Amy,Henderson,ahenderson7m@godaddy.com,Female,202.125.173.80
276,Jack,Hayes,jhayes7n@google.pl,Male,218.6.52.239
277,Christina,Hernandez,chernandez7o@uol.com.br,Female,24.244.219.73
278,Beverly,Lawrence,blawrence7p@vinaora.com,Female,162.104.26.153
279,Richard,Fox,rfox7q@si.edu,Male,154.251.134.9
280,Wayne,Kelly,wkelly7r@sohu.com,Male,157.168.203.199
281,Stephanie,Jackson,sjackson7s@yale.edu,Female,88.86.38.209
282,Virginia,Montgomery,vmontgomery7t@sitemeter.com,Female,60.160.30.250
283,Julie,Martin,jmartin7u@springer.com,Female,178.62.222.70
284,Russell,Grant,rgrant7v@nih.gov,Male,138.34.179.57
285,Timothy,Carroll,tcarroll7w@bloglines.com,Male,73.135.205.146
286,Todd,Davis,tdavis7x@github.com,Male,18.52.22.218
287,Justin,Fuller,jfuller7y@sogou.com,Male,58.177.161.246
288,Heather,Lawrence,hlawrence7z@businesswire.com,Female,42.218.191.250
289,Beverly,Montgomery,bmontgomery80@reference.com,Female,230.33.173.113
290,Phillip,Fowler,pfowler81@springer.com,Male,170.14.229.121
291,Andrew,Peterson,apeterson82@hubpages.com,Male,233.157.159.220
292,Gerald,Vasquez,gvasquez83@marketwatch.com,Male,137.167.43.17
293,Nicholas,Crawford,ncrawford84@oakley.com,Male,222.45.164.122
294,Kenneth,Richardson,krichardson85@51.la,Male,117.188.68.41
295,Sharon,Foster,sfoster86@psu.edu,Female,176.20.61.9
296,Katherine,Chavez,kchavez87@house.gov,Female,78.73.81.255
297,Theresa,Vasquez,tvasquez88@studiopress.com,Female,72.129.189.214
298,Matthew,Murphy,mmurphy89@alexa.com,Male,105.210.77.71
299,Paula,Daniels,pdaniels8a@ezinearticles.com,Female,110.48.104.162
300,Nancy,Alexander,nalexander8b@prweb.com,Female,139.79.247.165
301,Bonnie,Watkins,bwatkins8c@weibo.com,Female,133.228.242.221
302,Kimberly,Burns,kburns8d@epa.gov,Female,228.64.206.70
303,Brian,Dixon,bdixon8e@bravesites.com,Male,94.188.69.164
304,Julia,Hayes,jhayes8f@nhs.uk,Female,60.206.116.12
305,Katherine,Riley,kriley8g@blinklist.com,Female,178.180.210.214
306,Rachel,Sanchez,rsanchez8h@wunderground.com,Female,33.35.80.254
307,Roger,Wagner,rwagner8i@chronoengine.com,Male,130.83.31.203
308,Doris,Stevens,dstevens8j@qq.com,Female,22.32.61.41
309,Jack,Gonzales,jgonzales8k@homestead.com,Male,185.159.91.186
310,Thomas,Martin,tmartin8l@earthlink.net,Male,255.68.85.53
311,Phillip,Dean,pdean8m@pcworld.com,Male,121.237.212.209
312,Christopher,Lewis,clewis8n@ycombinator.com,Male,190.74.197.73
313,Sara,Rivera,srivera8o@ezinearticles.com,Female,176.95.73.42
314,Russell,Alvarez,ralvarez8p@squidoo.com,Male,22.199.248.206
315,Ralph,Matthews,rmatthews8q@mlb.com,Male,20.47.31.182
316,Heather,Lee,hlee8r@privacy.gov.au,Female,165.233.88.155
317,Dennis,Watson,dwatson8s@linkedin.com,Male,219.90.206.149
318,Jonathan,Rodriguez,jrodriguez8t@tripadvisor.com,Male,138.21.101.69
319,Phillip,Gomez,pgomez8u@exblog.jp,Male,25.120.163.171
320,Martin,Lawrence,mlawrence8v@apple.com,Male,195.115.11.116
321,Janice,Diaz,jdiaz8w@apache.org,Female,201.200.221.101
322,Alan,Hawkins,ahawkins8x@com.com,Male,157.7.109.241
323,Tina,Williams,twilliams8y@prnewswire.com,Female,242.118.34.128
324,Donna,Larson,dlarson8z@epa.gov,Female,128.78.2.250
325,Jane,Allen,jallen90@uiuc.edu,Female,127.97.223.206
326,Ernest,George,egeorge91@newyorker.com,Male,168.90.135.146
327,Patrick,Peterson,ppeterson92@pinterest.com,Male,227.78.184.250
328,Mark,Stone,mstone93@nasa.gov,Male,142.238.229.212
329,Willie,Smith,wsmith94@mozilla.com,Male,44.84.145.174
330,Carolyn,Kim,ckim95@examiner.com,Female,168.112.236.30
331,Albert,Meyer,ameyer96@mayoclinic.com,Male,80.206.71.242
332,Emily,Patterson,epatterson97@ox.ac.uk,Female,216.109.214.110
333,Jesse,Williamson,jwilliamson98@vimeo.com,Male,110.42.196.68
334,Jessica,Harvey,jharvey99@dailymail.co.uk,Female,210.41.253.138
335,Janet,Barnes,jbarnes9a@macromedia.com,Female,139.87.106.53
336,Todd,Carpenter,tcarpenter9b@shop-pro.jp,Male,200.180.189.61
337,Lori,Stone,lstone9c@intel.com,Female,36.125.207.220
338,Kathy,Sanders,ksanders9d@sciencedaily.com,Female,155.173.215.90
339,Kimberly,Alexander,kalexander9e@fc2.com,Female,135.200.245.37
340,Lisa,Bowman,lbowman9f@theglobeandmail.com,Female,98.182.183.202
341,Kathryn,Matthews,kmatthews9g@tamu.edu,Female,188.154.136.93
342,Lori,Dunn,ldunn9h@umn.edu,Female,52.134.131.76
343,Heather,Carr,hcarr9i@jiathis.com,Female,145.221.204.4
344,Donald,Olson,dolson9j@chron.com,Male,195.220.194.230
345,Anthony,Peterson,apeterson9k@reverbnation.com,Male,154.183.117.212
346,Stephanie,Diaz,sdiaz9l@illinois.edu,Female,233.179.60.160
347,Jerry,Stone,jstone9m@gmpg.org,Male,225.75.160.181
348,Virginia,Brown,vbrown9n@ftc.gov,Female,120.18.84.30
349,Gerald,Bell,gbell9o@ftc.gov,Male,41.238.164.114
350,Fred,Garrett,fgarrett9p@google.com.au,Male,216.126.185.1
351,Diana,Gonzalez,dgonzalez9q@tripadvisor.com,Female,198.228.120.241
352,Angela,Barnes,abarnes9r@hugedomains.com,Female,22.178.123.219
353,Harry,Snyder,hsnyder9s@discovery.com,Male,31.222.137.116
354,Victor,Johnston,vjohnston9t@ted.com,Male,37.193.209.245
355,Jessica,Martinez,jmartinez9u@vkontakte.ru,Female,64.29.50.150
356,Pamela,Williamson,pwilliamson9v@hao123.com,Female,223.214.46.61
357,Samuel,White,swhite9w@sourceforge.net,Male,140.128.5.226
358,Robin,Bowman,rbowman9x@mediafire.com,Female,202.120.241.41
359,Norma,Burke,nburke9y@nasa.gov,Female,183.180.190.105
360,Debra,Martinez,dmartinez9z@amazon.co.uk,Female,155.140.207.234
361,Jose,Greene,jgreenea0@dropbox.com,Male,62.114.235.187
362,Amy,Williamson,awilliamsona1@bravesites.com,Female,188.102.254.26
363,Janice,Mendoza,jmendozaa2@mapquest.com,Female,179.202.160.188
364,Irene,Jones,ijonesa3@multiply.com,Female,10.245.233.204
365,Marie,Walker,mwalkera4@tinypic.com,Female,206.18.70.171
366,Beverly,Wagner,bwagnera5@webnode.com,Female,89.88.115.232
367,Martha,Stanley,mstanleya6@weather.com,Female,173.109.94.97
368,Johnny,Jones,jjonesa7@chron.com,Male,246.100.169.111
369,Gary,Johnston,gjohnstona8@mac.com,Male,229.119.147.121
370,Wanda,Berry,wberrya9@omniture.com,Female,42.232.246.250
371,Helen,Torres,htorresaa@google.ru,Female,244.147.19.107
372,Kathy,Crawford,kcrawfordab@auda.org.au,Female,203.220.177.199
373,Henry,Palmer,hpalmerac@bloomberg.com,Male,79.23.118.141
374,Rebecca,Moreno,rmorenoad@printfriendly.com,Female,109.242.134.73
375,Paul,Lane,planeae@microsoft.com,Male,182.183.129.98
376,Anthony,Woods,awoodsaf@biglobe.ne.jp,Male,2.175.131.15
377,Steve,Johnston,sjohnstonag@dagondesign.com,Male,74.34.136.179
378,Eugene,Woods,ewoodsah@gizmodo.com,Male,171.108.237.117
379,Julie,Lynch,jlynchai@exblog.jp,Female,234.49.112.157
380,Anthony,Elliott,aelliottaj@cloudflare.com,Male,51.108.102.3
381,Douglas,Chapman,dchapmanak@columbia.edu,Male,214.207.23.46
382,Jean,Brown,jbrownal@cam.ac.uk,Female,38.45.230.214
383,Brian,Stewart,bstewartam@fotki.com,Male,7.195.251.31
384,Heather,Rose,hrosean@tinypic.com,Female,142.152.19.123
385,Harry,Nichols,hnicholsao@ycombinator.com,Male,6.79.89.88
386,Randy,Gardner,rgardnerap@gizmodo.com,Male,67.10.35.136
387,Jonathan,Long,jlongaq@independent.co.uk,Male,159.85.78.193
388,William,Turner,wturnerar@unesco.org,Male,164.8.82.51
389,Fred,Robinson,frobinsonas@imdb.com,Male,74.110.237.82
390,Jeremy,Adams,jadamsat@ft.com,Male,14.19.98.189
391,Emily,Moreno,emorenoau@pcworld.com,Female,177.213.18.216
392,Nicholas,Williams,nwilliamsav@github.com,Male,125.122.144.197
393,Betty,Garza,bgarzaaw@nhs.uk,Female,239.191.12.83
394,Willie,Bradley,wbradleyax@amazon.com,Male,191.245.165.143
395,Albert,Larson,alarsonay@wiley.com,Male,215.193.53.10
396,Annie,Gibson,agibsonaz@dedecms.com,Female,57.100.79.61
397,Stephanie,Ford,sfordb0@free.fr,Female,40.223.94.58
398,Peter,Carter,pcarterb1@sohu.com,Male,155.164.139.96
399,Ruth,Sullivan,rsullivanb2@dailymail.co.uk,Female,225.59.148.95
400,Emily,Howell,ehowellb3@discovery.com,Female,118.209.155.240
401,Christine,Mccoy,cmccoyb4@vinaora.com,Female,176.175.114.192
402,Edward,Rogers,erogersb5@furl.net,Male,245.59.134.91
403,Albert,Bryant,abryantb6@mlb.com,Male,169.90.11.98
404,Elizabeth,Carroll,ecarrollb7@harvard.edu,Female,110.208.94.81
405,Marilyn,Clark,mclarkb8@51.la,Female,8.11.176.125
406,Christina,Gomez,cgomezb9@zdnet.com,Female,9.93.151.246
407,Evelyn,Woods,ewoodsba@latimes.com,Female,69.80.93.105
408,Christine,Castillo,ccastillobb@army.mil,Female,61.177.170.8
409,Christopher,Cruz,ccruzbc@zdnet.com,Male,126.176.19.163
410,Anna,Hawkins,ahawkinsbd@comsenz.com,Female,71.102.183.240
411,Philip,Hill,phillbe@loc.gov,Male,83.192.102.205
412,Mark,Armstrong,marmstrongbf@google.com.br,Male,189.53.194.211
413,Judy,Hudson,jhudsonbg@diigo.com,Female,215.4.11.116
414,Jeremy,Collins,jcollinsbh@shinystat.com,Male,181.93.9.128
415,Fred,Brooks,fbrooksbi@npr.org,Male,9.145.18.85
416,Andrea,Ramirez,aramirezbj@cnbc.com,Female,12.48.174.38
417,Catherine,Foster,cfosterbk@myspace.com,Female,68.170.43.165
418,Brandon,Nelson,bnelsonbl@wp.com,Male,106.67.133.248
419,Aaron,Montgomery,amontgomerybm@ed.gov,Male,154.101.123.27
420,Louise,Cunningham,lcunninghambn@utexas.edu,Female,145.25.248.235
421,Carlos,Cruz,ccruzbo@scribd.com,Male,85.124.90.25
422,William,George,wgeorgebp@taobao.com,Male,63.48.89.168
423,Angela,Russell,arussellbq@discuz.net,Female,37.125.101.96
424,Fred,Ward,fwardbr@irs.gov,Male,176.135.139.54
425,Joshua,White,jwhitebs@auda.org.au,Male,163.214.83.147
426,Beverly,Wheeler,bwheelerbt@mysql.com,Female,179.190.28.190
427,Clarence,Morales,cmoralesbu@deviantart.com,Male,165.166.244.231
428,Martin,Stevens,mstevensbv@unc.edu,Male,229.141.224.139
429,Rose,Hayes,rhayesbw@mediafire.com,Female,253.213.5.81
430,Joyce,Weaver,jweaverbx@chron.com,Female,197.130.54.25
431,Matthew,Long,mlongby@wufoo.com,Male,152.142.124.183
432,Alan,Cox,acoxbz@com.com,Male,143.193.76.2
433,James,Reyes,jreyesc0@shutterfly.com,Male,144.64.112.208
434,Robert,Reed,rreedc1@bravesites.com,Male,57.205.0.170
435,Larry,Graham,lgrahamc2@cbsnews.com,Male,201.113.139.230
436,Julia,Perry,jperryc3@seesaa.net,Female,82.227.253.214
437,Ashley,Morales,amoralesc4@xing.com,Female,206.229.79.70
438,Brian,Williams,bwilliamsc5@skyrock.com,Male,120.9.176.93
439,Walter,Morales,wmoralesc6@berkeley.edu,Male,246.181.182.60
440,Jeremy,Kelly,jkellyc7@goo.ne.jp,Male,35.184.48.182
441,Michelle,Frazier,mfrazierc8@dot.gov,Female,191.79.26.132
442,Craig,Black,cblackc9@elpais.com,Male,92.4.192.156
443,Jack,Ray,jrayca@statcounter.com,Male,28.53.229.85
444,Joyce,Gordon,jgordoncb@theatlantic.com,Female,199.73.58.167
445,Roy,Carter,rcartercc@alibaba.com,Male,114.167.21.231
446,Lois,Hicks,lhickscd@yahoo.co.jp,Female,250.224.252.169
447,Mary,Sanchez,msanchezce@dell.com,Female,98.117.174.154
448,Ralph,Peters,rpeterscf@bigcartel.com,Male,190.229.38.8
449,Charles,Washington,cwashingtoncg@stanford.edu,Male,213.71.240.246
450,Angela,Cruz,acruzch@npr.org,Female,11.24.98.121
451,Ruby,Chapman,rchapmanci@nytimes.com,Female,101.210.225.131
452,Virginia,George,vgeorgecj@deliciousdays.com,Female,252.35.225.241
453,Martha,Thompson,mthompsonck@si.edu,Female,4.120.154.94
454,Gary,Cook,gcookcl@storify.com,Male,41.80.195.130
455,Juan,Crawford,jcrawfordcm@amazonaws.com,Male,74.243.78.209
456,Emily,Cruz,ecruzcn@github.io,Female,89.156.106.9
457,Christina,Grant,cgrantco@imgur.com,Female,162.243.144.57
458,Steve,Rose,srosecp@zdnet.com,Male,42.94.57.170
459,Phyllis,Hunter,phuntercq@unicef.org,Female,58.153.43.111
460,Frances,Rose,frosecr@shop-pro.jp,Female,169.207.52.235
461,Elizabeth,Wells,ewellscs@umich.edu,Female,254.176.202.62
462,Joyce,Walker,jwalkerct@joomla.org,Female,171.148.62.54
463,Alice,Gibson,agibsoncu@mashable.com,Female,111.94.61.217
464,Phillip,Sanchez,psanchezcv@etsy.com,Male,176.20.222.224
465,Gary,Jones,gjonescw@dagondesign.com,Male,183.167.36.158
466,Cheryl,Rose,crosecx@bbb.org,Female,11.128.41.143
467,Kelly,Gomez,kgomezcy@intel.com,Female,100.103.117.86
468,Russell,Turner,rturnercz@booking.com,Male,172.234.252.154
469,Janice,Garcia,jgarciad0@walmart.com,Female,91.39.92.52
470,Brenda,Mendoza,bmendozad1@wunderground.com,Female,54.54.77.97
471,Kathleen,Richards,krichardsd2@jugem.jp,Female,192.255.159.19
472,Jimmy,Cooper,jcooperd3@bloomberg.com,Male,127.76.177.7
473,Steven,Morris,smorrisd4@apple.com,Male,89.29.30.59
474,Martha,Campbell,mcampbelld5@vimeo.com,Female,53.247.85.192
475,John,Carr,jcarrd6@shinystat.com,Male,215.145.133.171
476,Raymond,Fox,rfoxd7@exblog.jp,Male,24.176.182.222
477,Roy,Perry,rperryd8@economist.com,Male,184.36.239.8
478,Rachel,Brown,rbrownd9@go.com,Female,53.100.85.243
479,Linda,Harris,lharrisda@ustream.tv,Female,12.106.219.41
480,Ernest,Jenkins,ejenkinsdb@furl.net,Male,190.75.181.205
481,Sara,Young,syoungdc@soundcloud.com,Female,208.90.20.168
482,Kevin,Howard,khowarddd@columbia.edu,Male,231.162.73.249
483,Wayne,Armstrong,warmstrongde@g.co,Male,143.63.104.182
484,Roy,Martinez,rmartinezdf@ebay.com,Male,225.179.157.94
485,Terry,Powell,tpowelldg@yelp.com,Male,228.27.182.19
486,Sarah,Pierce,spiercedh@fc2.com,Female,219.200.152.187
487,Amy,Ward,awarddi@zimbio.com,Female,204.139.244.159
488,Robin,Ferguson,rfergusondj@merriam-webster.com,Female,2.242.243.59
489,Beverly,James,bjamesdk@independent.co.uk,Female,48.96.67.65
490,Julia,Reyes,jreyesdl@chron.com,Female,6.237.4.177
491,Thomas,Chavez,tchavezdm@washingtonpost.com,Male,124.31.216.94
492,Gary,Wood,gwooddn@is.gd,Male,157.134.255.151
493,Harry,Perry,hperrydo@infoseek.co.jp,Male,193.254.239.252
494,Karen,Hamilton,khamiltondp@people.com.cn,Female,86.200.247.207
495,Lisa,Ryan,lryandq@tinyurl.com,Female,34.96.46.111
496,Wayne,Alexander,walexanderdr@dailymail.co.uk,Male,83.236.211.102
497,Carl,Reyes,creyesds@mozilla.com,Male,194.123.102.68
498,Carol,Porter,cporterdt@cornell.edu,Female,97.9.255.144
499,Rose,Kelley,rkelleydu@java.com,Female,38.1.98.136
500,Joshua,Stephens,jstephensdv@google.fr,Male,80.125.11.230
501,Alice,Russell,arusselldw@list-manage.com,Female,28.207.90.184
502,Howard,Hicks,hhicksdx@alexa.com,Male,73.88.190.186
503,Maria,Knight,mknightdy@cnet.com,Female,33.207.61.142
504,Jesse,Ramos,jramosdz@booking.com,Male,54.144.161.25
505,Russell,Cook,rcooke0@weather.com,Male,233.228.208.35
506,Ronald,Washington,rwashingtone1@artisteer.com,Male,85.163.189.221
507,Thomas,Adams,tadamse2@ucla.edu,Male,7.79.145.46
508,James,Bell,jbelle3@ted.com,Male,250.170.146.58
509,Kimberly,Simpson,ksimpsone4@tripod.com,Female,84.224.160.44
510,Joan,Turner,jturnere5@google.ru,Female,253.69.165.134
511,Kevin,Reyes,kreyese6@opera.com,Male,202.73.199.191
512,Shirley,Flores,sflorese7@europa.eu,Female,177.60.33.2
513,Ann,Rogers,arogerse8@indiegogo.com,Female,8.218.4.80
514,Douglas,Russell,drusselle9@simplemachines.org,Male,235.88.104.176
515,Steven,Ferguson,sfergusonea@imdb.com,Male,179.174.11.187
516,Eric,Ramos,eramoseb@etsy.com,Male,75.202.11.182
517,Christina,West,cwestec@umn.edu,Female,38.232.118.152
518,Linda,James,ljamesed@hc360.com,Female,137.44.21.152
519,Jack,Alvarez,jalvarezee@multiply.com,Male,109.20.26.97
520,Jessica,Smith,jsmithef@xrea.com,Female,132.251.248.77
521,Timothy,Alexander,talexandereg@google.pl,Male,9.18.87.157
522,Mildred,Gray,mgrayeh@rediff.com,Female,131.145.209.179
523,Sharon,Reynolds,sreynoldsei@baidu.com,Female,80.238.52.120
524,Catherine,Cruz,ccruzej@tamu.edu,Female,4.196.127.14
525,Nicole,Williams,nwilliamsek@seattletimes.com,Female,220.202.185.75
526,Daniel,Allen,dallenel@hibu.com,Male,10.117.153.67
527,Louise,Howard,lhowardem@ft.com,Female,4.137.36.236
528,Brandon,Walker,bwalkeren@blogspot.com,Male,122.196.1.171
529,Albert,Duncan,aduncaneo@discuz.net,Male,58.55.133.172
530,Heather,Alexander,halexanderep@vistaprint.com,Female,18.196.36.220
531,Paula,Davis,pdaviseq@irs.gov,Female,90.138.176.61
532,Paul,Barnes,pbarneser@ox.ac.uk,Male,209.140.145.17
533,Robin,Robinson,rrobinsones@hp.com,Female,136.140.239.224
534,Irene,Alexander,ialexanderet@360.cn,Female,159.28.95.98
535,Gregory,Harper,gharpereu@google.com,Male,215.93.228.247
536,Kenneth,Collins,kcollinsev@godaddy.com,Male,15.126.175.125
537,Diane,Gray,dgrayew@51.la,Female,209.127.189.81
538,Juan,Martin,jmartinex@tamu.edu,Male,41.237.153.115
539,Diane,Cook,dcookey@yandex.ru,Female,1.126.139.248
540,Clarence,Butler,cbutlerez@ycombinator.com,Male,9.96.221.239
541,Jack,Kim,jkimf0@ox.ac.uk,Male,246.188.53.29
542,Dorothy,Carpenter,dcarpenterf1@slashdot.org,Female,11.16.192.56
543,Alan,Russell,arussellf2@youku.com,Male,50.7.107.210
544,George,Ramirez,gramirezf3@jigsy.com,Male,83.126.228.109
545,Sandra,Kelly,skellyf4@1und1.de,Female,25.131.228.39
546,Sandra,Webb,swebbf5@histats.com,Female,57.58.149.7
547,Fred,Larson,flarsonf6@deliciousdays.com,Male,10.161.45.97
548,Johnny,Bailey,jbaileyf7@w3.org,Male,132.16.255.75
549,Catherine,Griffin,cgriffinf8@cocolog-nifty.com,Female,239.37.215.44
550,Donna,Torres,dtorresf9@over-blog.com,Female,88.81.170.125
551,Mary,Holmes,mholmesfa@paginegialle.it,Female,88.6.117.144
552,Ruth,Wallace,rwallacefb@wordpress.org,Female,249.113.189.173
553,Denise,Peters,dpetersfc@army.mil,Female,43.251.118.118
554,Katherine,Davis,kdavisfd@globo.com,Female,73.16.60.65
555,Annie,Robinson,arobinsonfe@cpanel.net,Female,10.152.194.97
556,Laura,Larson,llarsonff@nature.com,Female,218.123.0.195
557,Ruby,Barnes,rbarnesfg@spiegel.de,Female,202.110.229.99
558,Ernest,Ray,erayfh@altervista.org,Male,159.26.209.9
559,Sara,Romero,sromerofi@npr.org,Female,8.246.181.142
560,Carl,Sanchez,csanchezfj@sfgate.com,Male,216.253.29.99
561,Todd,Jones,tjonesfk@amazon.co.jp,Male,144.63.118.233
562,Frank,Howell,fhowellfl@tripadvisor.com,Male,226.60.164.230
563,Frank,Martin,fmartinfm@yellowbook.com,Male,170.10.173.199
564,Nancy,Scott,nscottfn@hud.gov,Female,56.181.68.33
565,Roger,Stewart,rstewartfo@forbes.com,Male,110.25.13.4
566,Carol,Mitchell,cmitchellfp@amazonaws.com,Female,140.208.118.177
567,Clarence,Armstrong,carmstrongfq@google.com.au,Male,81.92.249.224
568,Howard,Duncan,hduncanfr@devhub.com,Male,115.252.0.204
569,Rebecca,Ruiz,rruizfs@mac.com,Female,99.222.92.69
570,Gerald,Carpenter,gcarpenterft@unblog.fr,Male,218.186.224.136
571,Jack,Lee,jleefu@techcrunch.com,Male,211.200.100.174
572,Phyllis,Long,plongfv@barnesandnoble.com,Female,228.217.18.213
573,Phillip,Shaw,pshawfw@ucoz.ru,Male,108.50.239.4
574,Jesse,Spencer,jspencerfx@google.pl,Male,23.168.232.222
575,Samuel,Stanley,sstanleyfy@networkadvertising.org,Male,119.64.32.65
576,Randy,Reynolds,rreynoldsfz@accuweather.com,Male,44.124.211.97
577,Deborah,Moreno,dmorenog0@ucoz.com,Female,87.211.255.254
578,Sandra,Garrett,sgarrettg1@cafepress.com,Female,185.186.148.230
579,Douglas,Ryan,dryang2@java.com,Male,161.117.184.74
580,Paul,Franklin,pfrankling3@list-manage.com,Male,72.169.196.190
581,Wayne,Burke,wburkeg4@infoseek.co.jp,Male,227.166.20.105
582,Sara,Moore,smooreg5@google.com,Female,253.114.255.62
583,Diane,Ramirez,dramirezg6@free.fr,Female,75.236.59.164
584,Louis,Stanley,lstanleyg7@com.com,Male,17.78.88.52
585,Roy,Burke,rburkeg8@sakura.ne.jp,Male,105.219.34.30
586,Maria,Jackson,mjacksong9@webs.com,Female,113.36.45.94
587,Willie,Medina,wmedinaga@hexun.com,Male,243.189.108.175
588,Ryan,Watkins,rwatkinsgb@qq.com,Male,160.26.252.152
589,Gregory,Ross,grossgc@4shared.com,Male,117.15.54.59
590,Dennis,Harvey,dharveygd@jalbum.net,Male,92.11.27.228
591,Joe,Montgomery,jmontgomeryge@cnet.com,Male,233.62.95.133
592,Barbara,Wood,bwoodgf@zimbio.com,Female,79.14.131.20
593,Wayne,Bishop,wbishopgg@delicious.com,Male,245.243.165.166
594,James,Carroll,jcarrollgh@miitbeian.gov.cn,Male,97.130.28.45
595,Russell,Morris,rmorrisgi@bigcartel.com,Male,113.88.253.34
596,Justin,Scott,jscottgj@yahoo.com,Male,219.40.147.255
597,Mildred,Henderson,mhendersongk@xing.com,Female,240.242.95.168
598,Charles,King,ckinggl@de.vu,Male,34.235.63.58
599,Louis,Boyd,lboydgm@quantcast.com,Male,151.202.19.1
600,James,Dixon,jdixongn@cyberchimps.com,Male,126.69.77.44
601,Sean,Hudson,shudsongo@hatena.ne.jp,Male,165.234.57.252
602,Margaret,Nguyen,mnguyengp@theguardian.com,Female,29.194.62.102
603,Gloria,Sanders,gsandersgq@infoseek.co.jp,Female,156.57.214.118
604,Catherine,Hanson,chansongr@xing.com,Female,1.123.199.201
605,Christine,Banks,cbanksgs@etsy.com,Female,29.252.188.5
606,Terry,Reyes,treyesgt@icio.us,Male,29.222.104.114
607,Dennis,Andrews,dandrewsgu@hp.com,Male,9.55.201.66
608,Mark,Rivera,mriveragv@yellowbook.com,Male,136.75.99.131
609,Annie,Gilbert,agilbertgw@github.io,Female,91.107.200.207
610,Steven,King,skinggx@barnesandnoble.com,Male,177.78.133.225
611,Carolyn,Walker,cwalkergy@webnode.com,Female,139.192.124.102
612,Amanda,Lynch,alynchgz@tuttocitta.it,Female,39.210.28.189
613,Benjamin,Gomez,bgomezh0@live.com,Male,42.148.49.65
614,Carlos,Watkins,cwatkinsh1@abc.net.au,Male,249.58.77.176
615,Kimberly,Griffin,kgriffinh2@comcast.net,Female,189.171.199.215
616,Kathy,Garcia,kgarciah3@zdnet.com,Female,179.97.156.201
617,Katherine,Holmes,kholmesh4@alibaba.com,Female,230.61.60.184
618,Katherine,Harper,kharperh5@senate.gov,Female,11.47.33.57
619,Anthony,Vasquez,avasquezh6@house.gov,Male,251.244.159.239
620,Kathy,Brown,kbrownh7@sphinn.com,Female,157.63.126.227
621,Elizabeth,Olson,eolsonh8@ifeng.com,Female,114.52.26.191
622,Kathleen,Warren,kwarrenh9@exblog.jp,Female,212.154.144.139
623,Bruce,Elliott,belliottha@google.com.hk,Male,101.55.193.210
624,Antonio,Little,alittlehb@blog.com,Male,231.185.40.157
625,Lori,Wagner,lwagnerhc@jimdo.com,Female,182.146.184.53
626,Kimberly,Stephens,kstephenshd@ocn.ne.jp,Female,52.23.220.251
627,Albert,Woods,awoodshe@bbb.org,Male,214.181.71.249
628,Sean,Hughes,shugheshf@webnode.com,Male,206.214.105.236
629,Jimmy,Gray,jgrayhg@netscape.com,Male,24.243.5.234
630,Lisa,Ruiz,lruizhh@gizmodo.com,Female,189.23.208.248
631,Ralph,Morgan,rmorganhi@eepurl.com,Male,221.225.112.74
632,Janet,Holmes,jholmeshj@chron.com,Female,253.213.15.150
633,Wanda,Lane,wlanehk@webs.com,Female,135.6.35.114
634,Cynthia,Burton,cburtonhl@who.int,Female,12.29.219.241
635,Barbara,Ryan,bryanhm@ed.gov,Female,29.242.167.99
636,Aaron,Williams,awilliamshn@zdnet.com,Male,26.210.69.26
637,Pamela,Burke,pburkeho@twitpic.com,Female,95.158.15.166
638,Juan,Alvarez,jalvarezhp@so-net.ne.jp,Male,244.170.49.113
639,Cheryl,Ryan,cryanhq@google.de,Female,191.43.108.162
640,Joshua,Grant,jgranthr@diigo.com,Male,166.168.18.247
641,Jessica,Williamson,jwilliamsonhs@scribd.com,Female,202.156.229.115
642,Carl,Taylor,ctaylorht@github.io,Male,149.124.36.198
643,Charles,Gilbert,cgilberthu@buzzfeed.com,Male,188.203.166.223
644,Kathryn,Flores,kfloreshv@issuu.com,Female,17.11.67.23
645,Jason,Edwards,jedwardshw@icq.com,Male,33.150.125.245
646,Alice,Young,ayounghx@ibm.com,Female,79.94.162.42
647,Marilyn,Bailey,mbaileyhy@sfgate.com,Female,57.73.104.150
648,Judith,Flores,jfloreshz@google.it,Female,89.18.6.227
649,Linda,Clark,lclarki0@smh.com.au,Female,201.76.88.195
650,Cynthia,Foster,cfosteri1@github.io,Female,29.104.253.113
651,Philip,Edwards,pedwardsi2@tmall.com,Male,183.35.153.0
652,Peter,Hanson,phansoni3@qq.com,Male,90.254.247.169
653,Raymond,Cole,rcolei4@topsy.com,Male,8.255.197.141
654,Kelly,Fowler,kfowleri5@loc.gov,Female,169.33.119.34
655,Laura,Collins,lcollinsi6@twitpic.com,Female,44.246.84.52
656,Peter,Kennedy,pkennedyi7@washingtonpost.com,Male,25.44.243.130
657,Maria,Jackson,mjacksoni8@chicagotribune.com,Female,232.117.49.6
658,Beverly,Hunt,bhunti9@exblog.jp,Female,74.31.68.3
659,Debra,Larson,dlarsonia@earthlink.net,Female,163.246.180.148
660,Sarah,Campbell,scampbellib@ezinearticles.com,Female,223.172.1.143
661,Justin,Knight,jknightic@google.de,Male,253.95.129.133
662,Nicholas,Johnson,njohnsonid@storify.com,Male,223.173.28.1
663,Victor,Owens,vowensie@tripod.com,Male,56.57.7.165
664,Alice,Martinez,amartinezif@yandex.ru,Female,34.70.212.78
665,Emily,Medina,emedinaig@ucoz.com,Female,50.220.8.208
666,Arthur,Harper,aharperih@hud.gov,Male,234.147.253.45
667,Stephen,Greene,sgreeneii@mediafire.com,Male,162.35.253.71
668,Patrick,Price,ppriceij@google.nl,Male,170.48.223.200
669,Brenda,Collins,bcollinsik@deliciousdays.com,Female,23.28.123.38
670,Robert,Lane,rlaneil@booking.com,Male,92.191.152.125
671,Harold,Gonzalez,hgonzalezim@icq.com,Male,211.235.164.130
672,Victor,Castillo,vcastilloin@wikimedia.org,Male,54.75.178.151
673,Larry,Watson,lwatsonio@sourceforge.net,Male,103.28.215.14
674,Judy,Scott,jscottip@house.gov,Female,175.220.58.109
675,Kenneth,Weaver,kweaveriq@unesco.org,Male,230.205.108.58
676,Tammy,Kelly,tkellyir@squarespace.com,Female,162.184.13.188
677,Diane,Rose,droseis@buzzfeed.com,Female,86.179.96.17
678,Annie,Harrison,aharrisonit@dailymail.co.uk,Female,78.48.143.135
679,Christina,Bradley,cbradleyiu@oaic.gov.au,Female,33.178.102.89
680,Jesse,Bryant,jbryantiv@cafepress.com,Male,113.129.247.144
681,Brenda,Russell,brusselliw@cyberchimps.com,Female,150.176.214.96
682,Mark,West,mwestix@army.mil,Male,18.28.3.91
683,Nancy,Evans,nevansiy@epa.gov,Female,68.90.120.9
684,Earl,Clark,eclarkiz@cocolog-nifty.com,Male,199.133.11.99
685,Judith,Lewis,jlewisj0@ocn.ne.jp,Female,47.244.117.128
686,Martha,Harrison,mharrisonj1@yahoo.com,Female,145.21.123.75
687,Randy,Hughes,rhughesj2@ameblo.jp,Male,244.243.9.145
688,Cynthia,Moore,cmoorej3@psu.edu,Female,163.145.163.149
689,Norma,Turner,nturnerj4@samsung.com,Female,250.198.174.49
690,Frank,Long,flongj5@scientificamerican.com,Male,145.251.30.51
691,Justin,Nelson,jnelsonj6@army.mil,Male,99.19.63.149
692,Paul,Arnold,parnoldj7@sohu.com,Male,5.191.95.208
693,Anna,Anderson,aandersonj8@github.io,Female,118.131.105.193
694,Wanda,Washington,wwashingtonj9@wunderground.com,Female,92.193.180.226
695,Kathryn,Thompson,kthompsonja@so-net.ne.jp,Female,140.166.195.3
696,Scott,Morgan,smorganjb@bigcartel.com,Male,121.79.147.161
697,Pamela,Dixon,pdixonjc@fda.gov,Female,91.243.167.155
698,Billy,Gibson,bgibsonjd@imageshack.us,Male,206.148.167.177
699,Jacqueline,Reed,jreedje@amazon.co.uk,Female,141.192.224.136
700,Ralph,Thomas,rthomasjf@symantec.com,Male,203.167.238.180
701,Virginia,Day,vdayjg@myspace.com,Female,59.133.200.89
702,Linda,Gonzales,lgonzalesjh@mediafire.com,Female,14.217.6.252
703,Diana,Bradley,dbradleyji@netscape.com,Female,108.171.98.157
704,Jonathan,Frazier,jfrazierjj@intel.com,Male,143.170.2.47
705,Martha,Little,mlittlejk@vinaora.com,Female,144.35.15.185
706,Nicole,Brooks,nbrooksjl@meetup.com,Female,110.254.197.210
707,Frank,Ramos,framosjm@scientificamerican.com,Male,219.38.43.196
708,Robert,Cruz,rcruzjn@ft.com,Male,131.122.17.148
709,William,Matthews,wmatthewsjo@biblegateway.com,Male,228.31.63.171
710,Joshua,Larson,jlarsonjp@vinaora.com,Male,85.107.161.56
711,Julie,Vasquez,jvasquezjq@com.com,Female,191.217.209.193
712,Evelyn,Hall,ehalljr@goo.gl,Female,230.86.243.107
713,Daniel,Fernandez,dfernandezjs@example.com,Male,205.188.41.90
714,Joe,Dean,jdeanjt@spotify.com,Male,158.155.173.155
715,Steven,Coleman,scolemanju@taobao.com,Male,166.157.223.167
716,Michael,Diaz,mdiazjv@vistaprint.com,Male,170.194.33.234
717,Alan,Berry,aberryjw@jiathis.com,Male,231.38.103.236
718,Louis,Mason,lmasonjx@paginegialle.it,Male,213.150.73.124
719,Roy,Ryan,rryanjy@ycombinator.com,Male,98.230.12.248
720,Brandon,King,bkingjz@chronoengine.com,Male,112.62.157.128
721,Sharon,Hawkins,shawkinsk0@rakuten.co.jp,Female,17.154.187.59
722,Jessica,Cole,jcolek1@edublogs.org,Female,187.152.77.176
723,Billy,Fisher,bfisherk2@ning.com,Male,174.74.180.254
724,Julia,Lawrence,jlawrencek3@histats.com,Female,252.15.8.130
725,Mildred,Howell,mhowellk4@nymag.com,Female,155.243.33.225
726,Sharon,Gonzales,sgonzalesk5@imageshack.us,Female,118.252.187.172
727,Carlos,Fuller,cfullerk6@360.cn,Male,69.228.176.134
728,Jean,Robinson,jrobinsonk7@reverbnation.com,Female,154.19.1.242
729,Kimberly,Reynolds,kreynoldsk8@meetup.com,Female,80.20.168.228
730,Jane,Mendoza,jmendozak9@gov.uk,Female,224.152.124.170
731,Carolyn,Hudson,chudsonka@1688.com,Female,169.87.169.190
732,Earl,Bailey,ebaileykb@google.pl,Male,123.196.42.66
733,Shirley,Palmer,spalmerkc@blogspot.com,Female,207.20.82.101
734,Mark,Williamson,mwilliamsonkd@1und1.de,Male,57.234.103.214
735,Sarah,Ryan,sryanke@squarespace.com,Female,180.204.15.212
736,Diane,Snyder,dsnyderkf@examiner.com,Female,123.143.173.247
737,Betty,Weaver,bweaverkg@wiley.com,Female,173.158.232.234
738,Larry,Gray,lgraykh@zimbio.com,Male,183.189.42.55
739,Fred,Austin,faustinki@psu.edu,Male,173.10.94.166
740,Julia,Williams,jwilliamskj@reference.com,Female,101.16.211.216
741,Anna,Ryan,aryankk@istockphoto.com,Female,201.241.177.213
742,Catherine,Weaver,cweaverkl@msn.com,Female,25.19.157.21
743,Catherine,Arnold,carnoldkm@edublogs.org,Female,181.126.13.66
744,Emily,Elliott,eelliottkn@quantcast.com,Female,152.3.187.198
745,Betty,Andrews,bandrewsko@umn.edu,Female,164.131.243.36
746,Roger,Cook,rcookkp@ft.com,Male,157.33.82.192
747,Irene,White,iwhitekq@stanford.edu,Female,224.24.41.231
748,Eugene,Garcia,egarciakr@biblegateway.com,Male,171.235.161.111
749,Gary,Rogers,grogersks@reverbnation.com,Male,137.73.50.198
750,Randy,Bishop,rbishopkt@constantcontact.com,Male,123.85.209.102
751,Elizabeth,Lynch,elynchku@theatlantic.com,Female,130.136.196.66
752,Mildred,Johnson,mjohnsonkv@paypal.com,Female,47.104.24.238
753,Lori,Campbell,lcampbellkw@dailymail.co.uk,Female,134.95.139.109
754,Roger,Baker,rbakerkx@slideshare.net,Male,129.136.103.23
755,James,Cole,jcoleky@amazon.co.uk,Male,229.175.181.125
756,Gerald,Gilbert,ggilbertkz@geocities.com,Male,112.131.248.247
757,Chris,Morales,cmoralesl0@opensource.org,Male,217.183.97.217
758,Harry,Harper,hharperl1@patch.com,Male,32.145.130.11
759,Theresa,Phillips,tphillipsl2@digg.com,Female,135.79.219.73
760,Kathleen,Rose,krosel3@google.it,Female,206.190.17.46
761,Michael,Franklin,mfranklinl4@upenn.edu,Male,251.230.135.65
762,Karen,Little,klittlel5@pen.io,Female,181.224.206.111
763,Justin,Stone,jstonel6@hubpages.com,Male,24.223.237.11
764,Bobby,Hughes,bhughesl7@vistaprint.com,Male,57.135.169.54
765,Doris,Diaz,ddiazl8@skype.com,Female,181.164.19.227
766,Victor,Baker,vbakerl9@exblog.jp,Male,55.44.253.22
767,Samuel,Lee,sleela@macromedia.com,Male,13.146.53.36
768,Rachel,Hall,rhalllb@state.tx.us,Female,137.125.151.229
769,Patricia,Moore,pmoorelc@bluehost.com,Female,152.220.47.42
770,Joan,Wagner,jwagnerld@photobucket.com,Female,193.161.69.49
771,Cheryl,Fields,cfieldsle@economist.com,Female,181.131.108.16
772,Stephanie,Harper,sharperlf@utexas.edu,Female,82.7.101.83
773,Arthur,Crawford,acrawfordlg@google.co.jp,Male,16.17.246.228
774,Cynthia,Alvarez,calvarezlh@mtv.com,Female,71.76.101.219
775,Daniel,Hall,dhallli@slate.com,Male,23.245.87.147
776,Margaret,Freeman,mfreemanlj@tumblr.com,Female,8.121.246.107
777,Debra,Oliver,doliverlk@jimdo.com,Female,49.231.27.193
778,Jane,Reynolds,jreynoldsll@woothemes.com,Female,227.223.241.154
779,Nancy,King,nkinglm@about.me,Female,7.25.204.230
780,Wayne,Hudson,whudsonln@google.com.au,Male,251.65.66.167
781,Gregory,Taylor,gtaylorlo@google.pl,Male,181.101.85.87
782,Cheryl,Larson,clarsonlp@ibm.com,Female,228.252.148.36
783,Carolyn,Williamson,cwilliamsonlq@cbc.ca,Female,182.148.74.115
784,Harold,Gardner,hgardnerlr@arizona.edu,Male,36.19.181.56
785,Bonnie,Baker,bbakerls@oakley.com,Female,105.171.17.236
786,Jennifer,Watson,jwatsonlt@hubpages.com,Female,245.119.46.66
787,Andrew,Reyes,areyeslu@sohu.com,Male,99.244.130.192
788,Ruby,Ramos,rramoslv@domainmarket.com,Female,24.16.31.47
789,Dennis,Payne,dpaynelw@who.int,Male,117.229.18.243
790,Marie,Fowler,mfowlerlx@creativecommons.org,Female,47.18.5.178
791,Adam,Andrews,aandrewsly@google.ru,Male,150.109.219.50
792,Patricia,Woods,pwoodslz@blinklist.com,Female,72.148.249.46
793,Ronald,Young,ryoungm0@msn.com,Male,109.196.126.77
794,Philip,Bryant,pbryantm1@epa.gov,Male,94.7.21.243
795,Louise,Campbell,lcampbellm2@nps.gov,Female,46.195.10.248
796,Judith,Gordon,jgordonm3@stanford.edu,Female,158.215.177.223
797,Beverly,Garza,bgarzam4@cnet.com,Female,203.156.81.242
798,Raymond,Castillo,rcastillom5@odnoklassniki.ru,Male,233.237.22.143
799,Julia,Patterson,jpattersonm6@bbc.co.uk,Female,200.190.22.79
800,Robert,Martin,rmartinm7@mediafire.com,Male,223.174.12.173
801,Todd,Green,tgreenm8@washingtonpost.com,Male,97.72.18.37
802,Jerry,Moreno,jmorenom9@skyrock.com,Male,28.1.231.88
803,Frances,Rogers,frogersma@jigsy.com,Female,212.73.183.166
804,Catherine,Berry,cberrymb@mapy.cz,Female,127.248.247.98
805,Donald,Watkins,dwatkinsmc@constantcontact.com,Male,139.19.169.147
806,Sharon,Mills,smillsmd@deviantart.com,Female,2.198.214.167
807,Wanda,Thompson,wthompsonme@uol.com.br,Female,56.189.215.162
808,Ronald,Patterson,rpattersonmf@accuweather.com,Male,22.101.47.4
809,Michael,King,mkingmg@nhs.uk,Male,147.202.180.77
810,Phyllis,Miller,pmillermh@nydailynews.com,Female,162.144.54.150
811,Craig,Hanson,chansonmi@admin.ch,Male,32.8.43.20
812,Alan,Jackson,ajacksonmj@baidu.com,Male,233.24.172.208
813,Walter,Clark,wclarkmk@microsoft.com,Male,74.130.105.94
814,Joshua,Perkins,jperkinsml@ca.gov,Male,102.246.249.185
815,Joan,Bryant,jbryantmm@vinaora.com,Female,69.214.226.150
816,Christina,Powell,cpowellmn@npr.org,Female,211.46.92.97
817,Mark,Daniels,mdanielsmo@hhs.gov,Male,60.176.145.186
818,Matthew,Hunter,mhuntermp@so-net.ne.jp,Male,222.211.146.98
819,Russell,Andrews,randrewsmq@uol.com.br,Male,51.7.246.100
820,Annie,Harris,aharrismr@ft.com,Female,13.168.199.113
821,Denise,Fisher,dfisherms@ebay.co.uk,Female,181.66.226.54
822,Ruth,Kim,rkimmt@com.com,Female,157.90.103.59
823,Victor,Mason,vmasonmu@fotki.com,Male,104.225.120.200
824,Nancy,Romero,nromeromv@cam.ac.uk,Female,126.141.243.74
825,Rebecca,Harris,rharrismw@businesswire.com,Female,102.120.128.34
826,Benjamin,Mills,bmillsmx@prlog.org,Male,80.44.44.143
827,Teresa,Webb,twebbmy@reference.com,Female,28.179.135.215
828,Juan,Bailey,jbaileymz@mtv.com,Male,140.79.192.178
829,Jean,Ryan,jryann0@elpais.com,Female,231.72.163.53
830,Eric,Rodriguez,erodriguezn1@google.com.br,Male,35.213.220.44
831,Patrick,Bell,pbelln2@tmall.com,Male,212.147.14.234
832,Bobby,Murphy,bmurphyn3@virginia.edu,Male,84.15.158.45
833,Jonathan,Cox,jcoxn4@php.net,Male,203.185.36.168
834,Bonnie,Hill,bhilln5@a8.net,Female,125.176.88.104
835,Maria,Reyes,mreyesn6@yahoo.com,Female,12.144.152.34
836,Elizabeth,Garcia,egarcian7@devhub.com,Female,23.92.70.132
837,Gregory,Williams,gwilliamsn8@dion.ne.jp,Male,79.117.4.134
838,Jane,Hart,jhartn9@home.pl,Female,111.94.147.161
839,Donna,Fisher,dfisherna@phpbb.com,Female,70.40.123.212
840,Dennis,Williamson,dwilliamsonnb@disqus.com,Male,65.108.199.195
841,Jeremy,Palmer,jpalmernc@t.co,Male,215.223.217.96
842,Louis,Alexander,lalexandernd@paginegialle.it,Male,176.37.77.214
843,Jose,Shaw,jshawne@state.tx.us,Male,79.100.79.8
844,Bruce,Reyes,breyesnf@skyrock.com,Male,157.136.87.124
845,Shirley,Howard,showardng@delicious.com,Female,181.37.17.73
846,Timothy,Richardson,trichardsonnh@google.it,Male,129.99.201.178
847,Lois,Wagner,lwagnerni@engadget.com,Female,100.175.158.252
848,Julia,Gilbert,jgilbertnj@admin.ch,Female,65.199.180.51
849,Jason,Vasquez,jvasqueznk@mlb.com,Male,177.108.71.236
850,Bruce,Hunt,bhuntnl@hatena.ne.jp,Male,62.75.237.241
851,Matthew,Murphy,mmurphynm@yolasite.com,Male,19.24.68.187
852,Paul,Baker,pbakernn@china.com.cn,Male,93.220.170.56
853,Frances,Williams,fwilliamsno@washington.edu,Female,153.140.74.242
854,Billy,Mcdonald,bmcdonaldnp@businesswire.com,Male,240.3.224.69
855,Nicholas,Nelson,nnelsonnq@vistaprint.com,Male,114.81.49.243
856,Sean,Evans,sevansnr@chicagotribune.com,Male,123.191.198.122
857,Susan,Lawrence,slawrencens@canalblog.com,Female,98.52.61.251
858,Sandra,Roberts,srobertsnt@disqus.com,Female,38.52.94.122
859,Michael,Perry,mperrynu@uol.com.br,Male,41.1.16.245
860,Margaret,Rivera,mriveranv@theguardian.com,Female,136.106.225.244
861,Kelly,Powell,kpowellnw@php.net,Female,92.239.176.213
862,Theresa,Bowman,tbowmannx@bandcamp.com,Female,153.57.17.203
863,Nicole,Turner,nturnerny@webs.com,Female,112.160.112.158
864,Evelyn,Richards,erichardsnz@tamu.edu,Female,121.147.65.227
865,Mark,Hudson,mhudsono0@domainmarket.com,Male,173.20.236.50
866,Diane,Bell,dbello1@plala.or.jp,Female,14.190.1.114
867,Andrea,Perry,aperryo2@webs.com,Female,185.65.171.119
868,Elizabeth,Rodriguez,erodriguezo3@typepad.com,Female,118.222.134.106
869,Martha,Hart,mharto4@ca.gov,Female,156.0.51.45
870,Heather,Mills,hmillso5@bloglines.com,Female,27.142.242.133
871,Billy,Moreno,bmorenoo6@bandcamp.com,Male,211.243.177.59
872,Mildred,Lee,mleeo7@netscape.com,Female,141.174.174.127
873,Scott,James,sjameso8@vinaora.com,Male,18.178.191.173
874,Gerald,Hawkins,ghawkinso9@e-recht24.de,Male,162.234.190.146
875,Maria,Phillips,mphillipsoa@unc.edu,Female,75.30.130.123
876,Fred,Ferguson,ffergusonob@aol.com,Male,57.10.78.158
877,Anna,Matthews,amatthewsoc@reddit.com,Female,49.46.203.171
878,Antonio,Evans,aevansod@bloomberg.com,Male,162.94.92.42
879,Helen,Armstrong,harmstrongoe@imdb.com,Female,164.44.141.75
880,Raymond,Smith,rsmithof@acquirethisname.com,Male,48.110.126.132
881,Brenda,Mason,bmasonog@unesco.org,Female,182.231.172.218
882,Carlos,Carroll,ccarrolloh@51.la,Male,145.161.162.51
883,Joyce,Stanley,jstanleyoi@pinterest.com,Female,189.61.117.109
884,Jane,Chavez,jchavezoj@pcworld.com,Female,171.21.7.122
885,Judy,Simmons,jsimmonsok@stumbleupon.com,Female,232.236.34.174
886,William,Daniels,wdanielsol@friendfeed.com,Male,54.107.75.32
887,Stephen,Austin,saustinom@friendfeed.com,Male,147.101.125.88
888,Laura,Spencer,lspenceron@webeden.co.uk,Female,146.122.79.255
889,Kimberly,Stewart,kstewartoo@patch.com,Female,64.1.229.178
890,Bonnie,Jacobs,bjacobsop@github.io,Female,45.110.244.155
891,Mildred,Walker,mwalkeroq@wikispaces.com,Female,195.168.156.121
892,Janice,Larson,jlarsonor@youtube.com,Female,146.250.43.122
893,Jane,Schmidt,jschmidtos@hostgator.com,Female,23.11.203.50
894,Sara,Duncan,sduncanot@fda.gov,Female,103.41.131.35
895,Todd,Williams,twilliamsou@bigcartel.com,Male,77.65.213.230
896,Cheryl,Romero,cromeroov@prnewswire.com,Female,39.255.131.43
897,Nicole,Williamson,nwilliamsonow@spiegel.de,Female,17.180.119.253
898,Andrea,Baker,abakerox@exblog.jp,Female,186.12.143.46
899,Rose,Vasquez,rvasquezoy@noaa.gov,Female,152.136.153.184
900,Charles,Diaz,cdiazoz@intel.com,Male,16.64.192.211
901,Jacqueline,Tucker,jtuckerp0@army.mil,Female,239.186.146.23
902,Stephanie,Nguyen,snguyenp1@ustream.tv,Female,205.119.98.74
903,Rachel,Diaz,rdiazp2@angelfire.com,Female,249.238.59.152
904,Michael,Cruz,mcruzp3@ask.com,Male,26.198.94.74
905,Ralph,Williams,rwilliamsp4@java.com,Male,83.108.190.156
906,David,Henry,dhenryp5@alibaba.com,Male,31.49.203.145
907,Jean,Jones,jjonesp6@booking.com,Female,38.245.114.0
908,Jane,Lee,jleep7@multiply.com,Female,179.249.183.16
909,Norma,Greene,ngreenep8@cnet.com,Female,31.140.242.13
910,Willie,Gibson,wgibsonp9@reuters.com,Male,191.233.158.113
911,Jeffrey,Austin,jaustinpa@cloudflare.com,Male,64.114.128.77
912,Earl,King,ekingpb@sfgate.com,Male,214.231.15.210
913,Anthony,Torres,atorrespc@weather.com,Male,187.18.59.123
914,Frank,Pierce,fpiercepd@google.com.br,Male,117.18.125.99
915,Scott,Crawford,scrawfordpe@usda.gov,Male,253.244.130.141
916,Jennifer,Miller,jmillerpf@uiuc.edu,Female,45.238.67.242
917,Debra,Stone,dstonepg@guardian.co.uk,Female,192.55.213.211
918,Alan,Gomez,agomezph@ed.gov,Male,49.91.91.82
919,Jose,Lawson,jlawsonpi@odnoklassniki.ru,Male,162.83.123.170
920,Kathleen,Wagner,kwagnerpj@typepad.com,Female,181.78.172.122
921,Patricia,Roberts,probertspk@jugem.jp,Female,129.10.91.112
922,Harold,Gutierrez,hgutierrezpl@mapy.cz,Male,143.203.190.104
923,Russell,Mccoy,rmccoypm@sbwire.com,Male,139.100.124.207
924,Eric,Meyer,emeyerpn@discovery.com,Male,49.141.41.132
925,Bonnie,Duncan,bduncanpo@whitehouse.gov,Female,125.253.176.217
926,Steven,Crawford,scrawfordpp@drupal.org,Male,255.162.178.118
927,Tina,Ward,twardpq@mac.com,Female,50.219.45.53
928,Thomas,Wheeler,twheelerpr@mashable.com,Male,208.175.238.66
929,Charles,Bailey,cbaileyps@bing.com,Male,67.222.6.186
930,Rose,Ray,rraypt@odnoklassniki.ru,Female,234.29.234.189
931,Alice,Kim,akimpu@mac.com,Female,180.172.220.252
932,Justin,Stephens,jstephenspv@goodreads.com,Male,86.146.35.60
933,William,Kelly,wkellypw@gmpg.org,Male,3.112.228.109
934,Jack,Peterson,jpetersonpx@livejournal.com,Male,159.33.6.78
935,Aaron,Graham,agrahampy@blogtalkradio.com,Male,125.249.46.5
936,Randy,Duncan,rduncanpz@posterous.com,Male,83.192.228.237
937,Marie,Bryant,mbryantq0@unc.edu,Female,250.239.105.219
938,Nicholas,Banks,nbanksq1@scribd.com,Male,238.62.190.74
939,Sara,Spencer,sspencerq2@unc.edu,Female,182.196.15.108
940,Julia,Watson,jwatsonq3@purevolume.com,Female,56.65.136.30
941,Mark,Flores,mfloresq4@fc2.com,Male,55.32.16.159
942,Lois,Fernandez,lfernandezq5@php.net,Female,147.95.130.34
943,Deborah,Welch,dwelchq6@github.com,Female,18.173.208.117
944,Jonathan,Reid,jreidq7@bluehost.com,Male,234.35.222.221
945,Henry,Greene,hgreeneq8@storify.com,Male,44.164.30.49
946,Mark,Mason,mmasonq9@theguardian.com,Male,163.82.159.57
947,Alice,Sims,asimsqa@moonfruit.com,Female,182.166.177.66
948,Douglas,Adams,dadamsqb@harvard.edu,Male,60.225.201.121
949,Amy,Castillo,acastilloqc@quantcast.com,Female,97.40.135.164
950,Steve,Russell,srussellqd@jugem.jp,Male,143.218.68.178
951,Victor,Castillo,vcastilloqe@ca.gov,Male,14.183.215.58
952,Helen,Cox,hcoxqf@miibeian.gov.cn,Female,157.25.33.159
953,Jose,Meyer,jmeyerqg@cnet.com,Male,130.86.171.244
954,Jane,Foster,jfosterqh@cbc.ca,Female,47.124.151.139
955,Andrew,Reyes,areyesqi@wp.com,Male,242.69.118.98
956,Billy,Richardson,brichardsonqj@google.ca,Male,123.157.153.21
957,Melissa,Bailey,mbaileyqk@gizmodo.com,Female,157.63.233.140
958,Victor,Lawrence,vlawrenceql@netvibes.com,Male,168.74.72.9
959,Jonathan,Stewart,jstewartqm@mozilla.org,Male,90.69.239.26
960,Emily,Torres,etorresqn@issuu.com,Female,230.58.92.18
961,Johnny,Scott,jscottqo@hhs.gov,Male,38.105.156.12
962,Johnny,Cole,jcoleqp@blogspot.com,Male,129.177.177.17
963,Juan,Perez,jperezqq@redcross.org,Male,171.10.7.75
964,Jacqueline,Sanchez,jsanchezqr@illinois.edu,Female,56.182.226.44
965,Victor,Phillips,vphillipsqs@cmu.edu,Male,153.10.125.223
966,Michael,Vasquez,mvasquezqt@shinystat.com,Male,163.84.17.135
967,Debra,Carpenter,dcarpenterqu@wikimedia.org,Female,217.152.81.252
968,David,Hall,dhallqv@sfgate.com,Male,9.98.83.15
969,Donna,Vasquez,dvasquezqw@twitter.com,Female,249.98.70.50
970,Anthony,Griffin,agriffinqx@google.com.hk,Male,85.180.106.32
971,Rebecca,Miller,rmillerqy@bizjournals.com,Female,101.151.253.52
972,Harold,Little,hlittleqz@google.cn,Male,152.140.118.135
973,Emily,Bradley,ebradleyr0@w3.org,Female,232.233.135.179
974,Howard,Burton,hburtonr1@wiley.com,Male,9.187.137.221
975,Benjamin,Robertson,brobertsonr2@yahoo.com,Male,229.5.119.221
976,Frances,Payne,fpayner3@slate.com,Female,200.111.105.47
977,Virginia,Garrett,vgarrettr4@house.gov,Female,165.120.206.234
978,Matthew,Gilbert,mgilbertr5@liveinternet.ru,Male,74.111.139.32
979,Philip,Henderson,phendersonr6@dagondesign.com,Male,52.221.107.184
980,Douglas,Porter,dporterr7@usnews.com,Male,83.90.125.19
981,Dorothy,Wells,dwellsr8@g.co,Female,78.21.137.136
982,Todd,Morris,tmorrisr9@miitbeian.gov.cn,Male,121.4.190.61
983,Andrew,Richardson,arichardsonra@xrea.com,Male,216.101.5.38
984,Ryan,Robertson,rrobertsonrb@phoca.cz,Male,101.231.249.156
985,Martha,Wallace,mwallacerc@theatlantic.com,Female,46.250.8.52
986,Amy,Day,adayrd@bing.com,Female,20.75.176.128
987,Eric,Peterson,epetersonre@chicagotribune.com,Male,142.65.140.48
988,Heather,Matthews,hmatthewsrf@fastcompany.com,Female,132.151.41.33
989,Craig,Riley,crileyrg@storify.com,Male,161.232.182.131
990,Theresa,Perry,tperryrh@ucsd.edu,Female,72.146.248.114
991,Beverly,Rivera,briverari@bluehost.com,Female,218.245.170.64
992,Denise,Austin,daustinrj@engadget.com,Female,235.63.40.1
993,Julia,Armstrong,jarmstrongrk@alibaba.com,Female,186.103.222.58
994,Theresa,Hunter,thunterrl@ning.com,Female,174.12.17.153
995,Frances,Reyes,freyesrm@wikispaces.com,Female,71.242.185.63
996,Janice,Jackson,jjacksonrn@istockphoto.com,Female,170.75.27.78
997,Evelyn,Martinez,emartinezro@mysql.com,Female,210.97.144.61
998,Melissa,Harris,mharrisrp@uiuc.edu,Female,62.108.37.58
999,Todd,Day,tdayrq@flavors.me,Male,96.189.167.148
1000,Virginia,Mitchell,vmitchellrr@lulu.com,Female,18.156.34.188
